{
	"default": {
		"weight": 1,
		"musicSound": {
			"sound": "music.menu",
			"min_delay": 20,
			"max_delay": 600,
			"replace_current_music": true
		},
		"splashText": "minecraft:texts/splashes.txt",
		"logoControl": {
			"logoId": "textures/gui/title/minecraft.png",
			"logoX": 0.0,
			"logoY": 0.0,
			"logoRot": 0.0,
			"outlined": true,
			"splashX": 0.0,
			"splashY": 0.0,
			"splashRot": -20.0,
			"showEdition": true
		},
		"cubemaps": [
			{
				"cubemapId": "textures/gui/title/background/panorama",
				"rotationControl": {
					"frozen": false,
					"woozy": false,
					"addedPitch": -24.0,
					"addedYaw": 0.0,
					"addedRoll": 0.0,
					"speedMultiplier": 1.2
				},
				"visualControl": {
					"fov": 60.0,
					"width": 2.0,
					"height": 2.0,
					"depth": 2.0,
					"addedX": 0.0,
					"addedY": 0.0,
					"addedZ": 0.0,
					"colorR": 255.0,
					"colorG": 255.0,
					"colorB": 255.0,
					"colorA": 255.0
				}
			}
		]
	}
}
