{
	"credit": "Made with Blockbench",
	"parent": "minecraft:block/block",
	"display": {
		"gui": {
			"rotation": [ 30, 135, 0 ],
			"translation": [ 0, 0, 0],
			"scale":[ 0.625, 0.625, 0.625 ]
		},
		"fixed": {
			"rotation": [ 0, 90, 0 ],
			"translation": [ 0, 0, 0 ],
			"scale": [ 0.5, 0.5, 0.5 ]
		}
	},
	"ambientocclusion": false,
	"textures": {
		"particle": "#pane"
	},
	"elements": [
		{
			"from": [7, 0, 0],
			"to": [9, 16, 16],
			"faces": {
				"north": {"uv": [7, 0, 9, 16], "texture": "#edge", "cullface": "north"},
				"east": {"uv": [0, 0, 16, 16], "texture": "#pane"},
				"south": {"uv": [7, 0, 9, 16], "texture": "#edge", "cullface": "south"},
				"west": {"uv": [0, 0, 16, 16], "texture": "#pane"},
				"up": {"uv": [7, 0, 9, 16], "texture": "#edge"},
				"down": {"uv": [7, 0, 9, 16], "texture": "#edge"}
			}
		}
	]
}