{
  "targets": [
    "water",
    "translucent",
    "itemEntity",
    "particles",
    "clouds",
    "weather",
    "final",
    "luminosity",
    "luminosity2",
    "bugfix"
  ],
  "passes": [
    {
      "name": "transparency",
      "intarget": "minecraft:main",
      "outtarget": "final",
      "auxtargets": [{
          "name": "DiffuseDepthSampler",
          "id": "minecraft:main:depth"
        },
        {
          "name": "TranslucentSampler",
          "id": "translucent"
        },
        {
          "name": "TranslucentDepthSampler",
          "id": "translucent:depth"
        },
        {
          "name": "ItemEntitySampler",
          "id": "itemEntity"
        },
        {
          "name": "ItemEntityDepthSampler",
          "id": "itemEntity:depth"
        },
        {
          "name": "ParticlesSampler",
          "id": "particles"
        },
        {
          "name": "ParticlesDepthSampler",
          "id": "particles:depth"
        },
        {
          "name": "CloudsSampler",
          "id": "clouds"
        },
        {
          "name": "CloudsDepthSampler",
          "id": "clouds:depth"
        },
        {
          "name": "WeatherSampler",
          "id": "weather"
        },
        {
          "name": "WeatherDepthSampler",
          "id": "weather:depth"
        }
      ]
    },
    {
      "name": "luminosity",
      "intarget": "final",
      "auxtargets": [{
          "name": "LastLuminosity",
          "id": "luminosity2"
        }
      ],
      "outtarget": "luminosity"
    },
    {
      "name": "blit",
      "intarget": "luminosity",
      "outtarget": "luminosity2"
    },
    {
      "name": "gamma",
      "intarget": "final",
      "auxtargets": [{
          "name": "Luminosity",
          "id": "luminosity"
        }
      ],
      "outtarget": "bugfix"
    },
    {
      "name": "blit",
      "intarget": "bugfix",
      "outtarget": "minecraft:main"
    }
  ]
}
